{
  "shortcut": false,
  "verdict": "negative",
  "w_global": 0.5190623122114022,
  "w_per_fold_lofo": [
    0.07662612375115666,
    0.9996231250944518,
    0.9996231250944518,
    0.00037687490554811156
  ],
  "logloss_per_fold": [
    0.5699826960135813,
    0.6313347462764172,
    0.6629206557042787,
    0.5571031387628566
  ],
  "logloss_elo_only_per_fold": [
    0.577083241232133,
    0.6313334059413264,
    0.6629189858743079,
    0.5765215599702043
  ],
  "logloss_mean": 0.6053353091892834,
  "logloss_elo_only_mean": 0.6119642982544928,
  "improvement_mean": 0.006628989065209423,
  "sigma_lofo": 0.007932824923456237,
  "n_folds": 4,
  "test_year": 2025,
  "val_years": [
    2021,
    2022,
    2023,
    2024
  ],
  "test_metrics_if_computed": null,
  "failing_conditions": [
    "improvement_mean > sigma_lofo"
  ],
  "note": "B4 blend experiment: P_final = w * P_elo + (1-w) * P_derived where P_derived = p_match_from_p_set(SetPredictor.predict_proba)"
}