{
  "season": 2024,
  "n_matches": 222,
  "n_sims": 500,
  "use_set_calibration": false,
  "damping": 0.5,
  "seconds": 305.9,
  "simulator": {
    "brier": 0.27312245045045047,
    "logloss": 0.8241380926199334,
    "acc": 0.6486486486486487,
    "n": 222,
    "ece": 0.24194594594594598
  },
  "elo_reference": {
    "brier": 0.19425146115509628,
    "logloss": 0.5692991661470873,
    "acc": 0.6936936936936937,
    "n": 222,
    "ece": 0.04438611155684072
  },
  "elo_ref_2025_holdout": {
    "brier": 0.2,
    "logloss": 0.585,
    "auc": 0.75
  },
  "score_margin_distribution": {
    "n_standard_finals": 222,
    "simulated": {
      "3-0": 0.5303,
      "3-1": 0.3042,
      "3-2": 0.1655
    },
    "real": {
      "3-0": 0.3874,
      "3-1": 0.3514,
      "3-2": 0.2613
    },
    "l1_distance": 0.2858
  },
  "reliability": {
    "prob_pred": [
      0.0711,
      0.1518,
      0.3127,
      0.4295,
      0.5707,
      0.707,
      0.842,
      0.9288
    ],
    "prob_true": [
      0.3649,
      0.8182,
      0.5556,
      0.5,
      0.6667,
      0.1667,
      0.72,
      0.7556
    ]
  }
}