{
  "season": 2024,
  "n_matches": 222,
  "n_sims": 500,
  "use_set_calibration": false,
  "damping": 0.5,
  "seconds": 449.5,
  "simulator": {
    "brier": 0.27337585585585583,
    "logloss": 0.8246317389668918,
    "acc": 0.6486486486486487,
    "n": 222,
    "ece": 0.24281081081081088
  },
  "elo_reference": {
    "brier": 0.19410501798930965,
    "logloss": 0.5689911315158704,
    "acc": 0.6891891891891891,
    "n": 222,
    "ece": 0.045401721531032585
  },
  "elo_ref_2025_holdout": {
    "brier": 0.2,
    "logloss": 0.585,
    "auc": 0.75
  },
  "score_margin_distribution": {
    "n_standard_finals": 222,
    "simulated": {
      "3-0": 0.5306,
      "3-1": 0.3041,
      "3-2": 0.1654
    },
    "real": {
      "3-0": 0.3874,
      "3-1": 0.3514,
      "3-2": 0.2613
    },
    "l1_distance": 0.2864
  },
  "reliability": {
    "prob_pred": [
      0.0712,
      0.1525,
      0.3075,
      0.42,
      0.572,
      0.698,
      0.8395,
      0.929
    ],
    "prob_true": [
      0.3649,
      0.8182,
      0.625,
      0.4,
      0.6667,
      0.2,
      0.6923,
      0.7556
    ]
  }
}