{
  "season": 2024,
  "n_matches": 222,
  "n_sims": 500,
  "use_set_calibration": false,
  "damping": 0.5,
  "seconds": 485.3,
  "simulator": {
    "brier": 0.18154385585585583,
    "logloss": 0.5365135739151231,
    "acc": 0.7207207207207207,
    "n": 222,
    "ece": 0.05654054054054053
  },
  "elo_reference": {
    "brier": 0.19410501798930965,
    "logloss": 0.5689911315158704,
    "acc": 0.6891891891891891,
    "n": 222,
    "ece": 0.045401721531032585
  },
  "elo_ref_2025_holdout": {
    "brier": 0.2,
    "logloss": 0.585,
    "auc": 0.75
  },
  "score_margin_distribution": {
    "n_standard_finals": 222,
    "simulated": {
      "3-0": 0.3763,
      "3-1": 0.3467,
      "3-2": 0.277
    },
    "real": {
      "3-0": 0.3874,
      "3-1": 0.3514,
      "3-2": 0.2613
    },
    "l1_distance": 0.0315
  },
  "reliability": {
    "prob_pred": [
      0.0738,
      0.2026,
      0.3223,
      0.4432,
      0.577,
      0.6792,
      0.8047,
      0.9301
    ],
    "prob_true": [
      0.0909,
      0.1429,
      0.4062,
      0.4474,
      0.7,
      0.6757,
      0.8788,
      1.0
    ]
  }
}