{
  "season": 2024,
  "n_sims": 500,
  "seed_bases": [
    1000,
    8919,
    16838,
    24757,
    32676,
    40595
  ],
  "brier": {
    "values": [
      0.18154,
      0.18251,
      0.18228,
      0.18396,
      0.18378,
      0.18495
    ],
    "mean": 0.18317,
    "std": 0.00127,
    "range": 0.00341
  },
  "ece": {
    "mean": 0.06208,
    "std": 0.01108
  },
  "acc": {
    "mean": 0.72372,
    "std": 0.00886
  },
  "seconds": 628.1
}