{
  "season": 2025,
  "n_matches": 314,
  "n_sims": 500,
  "use_set_calibration": false,
  "damping": 0.5,
  "seconds": 664.8,
  "simulator": {
    "brier": 0.18784242038217197,
    "logloss": 0.5543579685218215,
    "acc": 0.7133757961783439,
    "n": 314,
    "ece": 0.06264968152866246
  },
  "elo_reference": {
    "brier": 0.19244803120189088,
    "logloss": 0.5645205628079084,
    "acc": 0.697452229299363,
    "n": 314,
    "ece": 0.049351669785445404
  },
  "elo_ref_2025_holdout": {
    "brier": 0.2,
    "logloss": 0.585,
    "auc": 0.75
  },
  "score_margin_distribution": {
    "n_standard_finals": 314,
    "simulated": {
      "3-0": 0.4073,
      "3-1": 0.3395,
      "3-2": 0.2532
    },
    "real": {
      "3-0": 0.4459,
      "3-1": 0.3089,
      "3-2": 0.2452
    },
    "l1_distance": 0.0771
  },
  "reliability": {
    "prob_pred": [
      0.0577,
      0.1855,
      0.3158,
      0.4471,
      0.5598,
      0.6866,
      0.8184,
      0.9352
    ],
    "prob_true": [
      0.15,
      0.2903,
      0.4762,
      0.4419,
      0.6522,
      0.7333,
      0.8571,
      0.9333
    ]
  }
}