{
  "grid": {
    "momentum_bonus": [
      0.0,
      0.01,
      0.015,
      0.03
    ],
    "global_momentum_factor": [
      0.0,
      0.01,
      0.02
    ],
    "damping": [
      0.3,
      0.5,
      0.7
    ]
  },
  "damping_note": "Eje degenerado: damping solo mueve _calibrate_strengths, y PointProbabilityModel.get_point_probabilities ignora home_strength/away_strength cuando el modelo esta fitted. Verificado: backtest 2024 n=100 con damping 0.3 y 0.7 da metricas identicas (Brier 0.1850, ECE 0.0594).",
  "tune_seasons": [
    2023,
    2024
  ],
  "params": {
    "pass1_sims": 100,
    "pass2_sims": 500,
    "pass1_brier_cutoff": 0.2,
    "pass2_top_k": 4,
    "workers": 8,
    "point_model": "C:\\Users\\Alejandro\\Desktop\\Universidad\\4toCarrera\\TFG\\PREDICTOR(2)\\models\\point_probability_lt2024.joblib"
  },
  "baseline": {
    "momentum_bonus": 0.015,
    "global_momentum_factor": 0.01,
    "damping": 0.5
  },
  "pass1": {
    "0.0|0.0": {
      "brier": 0.184309009009009,
      "logloss": 0.5436537374021732,
      "acc": 0.7117117117117117,
      "ece": 0.053423423423423454,
      "l1_margins": 0.1362,
      "n": 222,
      "seconds": 139.8
    },
    "0.0|0.01": {
      "brier": 0.18575180180180179,
      "logloss": 0.546670650684803,
      "acc": 0.7162162162162162,
      "ece": 0.062207207207207224,
      "l1_margins": 0.0207,
      "n": 222,
      "seconds": 138.7
    },
    "0.0|0.02": {
      "brier": 0.18492972972972974,
      "logloss": 0.5439760401633389,
      "acc": 0.6801801801801802,
      "ece": 0.0865765765765766,
      "l1_margins": 0.0999,
      "n": 222,
      "seconds": 137.3
    },
    "0.01|0.0": {
      "brier": 0.1838963963963964,
      "logloss": 0.5425688474152096,
      "acc": 0.7342342342342343,
      "ece": 0.0681981981981982,
      "l1_margins": 0.1358,
      "n": 222,
      "seconds": 137.8
    },
    "0.01|0.01": {
      "brier": 0.1836454954955045,
      "logloss": 0.5430959163776384,
      "acc": 0.7297297297297297,
      "ece": 0.08436936936936934,
      "l1_margins": 0.0205,
      "n": 222,
      "seconds": 137.0
    },
    "0.01|0.02": {
      "brier": 0.18513693693693695,
      "logloss": 0.5439083328993253,
      "acc": 0.7072072072072072,
      "ece": 0.05279279279279278,
      "l1_margins": 0.1039,
      "n": 222,
      "seconds": 136.7
    },
    "0.015|0.0": {
      "brier": 0.18365675675675674,
      "logloss": 0.5426090616548679,
      "acc": 0.7162162162162162,
      "ece": 0.0477477477477477,
      "l1_margins": 0.1457,
      "n": 222,
      "seconds": 138.0
    },
    "0.015|0.01": {
      "brier": 0.18497882882883335,
      "logloss": 0.5431526944449417,
      "acc": 0.7252252252252253,
      "ece": 0.059414414414414446,
      "l1_margins": 0.0292,
      "n": 222,
      "seconds": 137.2
    },
    "0.015|0.02": {
      "brier": 0.18452207207207658,
      "logloss": 0.5424334360266174,
      "acc": 0.7207207207207207,
      "ece": 0.046891891891891954,
      "l1_margins": 0.1006,
      "n": 222,
      "seconds": 118.6
    },
    "0.03|0.0": {
      "brier": 0.18617387387387382,
      "logloss": 0.5455821455092493,
      "acc": 0.7117117117117117,
      "ece": 0.051081081081081114,
      "l1_margins": 0.1487,
      "n": 222,
      "seconds": 119.8
    },
    "0.03|0.01": {
      "brier": 0.184368018018018,
      "logloss": 0.5433922982079168,
      "acc": 0.7117117117117117,
      "ece": 0.05842342342342342,
      "l1_margins": 0.0333,
      "n": 222,
      "seconds": 119.2
    },
    "0.03|0.02": {
      "brier": 0.18356621621621622,
      "logloss": 0.5415665175777306,
      "acc": 0.7207207207207207,
      "ece": 0.052567567567567565,
      "l1_margins": 0.0996,
      "n": 222,
      "seconds": 118.3
    }
  },
  "pass2": {
    "0.03|0.02": {
      "per_season": {
        "2023": {
          "brier": 0.2475319012345679,
          "logloss": 0.7249118707487101,
          "acc": 0.6234567901234568,
          "ece": 0.12182716049382722,
          "l1_margins": 0.145,
          "n": 162,
          "seconds": 480.3
        },
        "2024": {
          "brier": 0.1818000900900901,
          "logloss": 0.5367910907023553,
          "acc": 0.7162162162162162,
          "ece": 0.053990990990991,
          "l1_margins": 0.1068,
          "n": 222,
          "seconds": 641.7
        }
      },
      "brier_weighted": 0.20953,
      "seconds": 1122.0
    },
    "0.01|0.01": {
      "per_season": {
        "2023": {
          "brier": 0.24881296296296296,
          "logloss": 0.7263634244716969,
          "acc": 0.6111111111111112,
          "ece": 0.12954320987654322,
          "l1_margins": 0.0494,
          "n": 162,
          "seconds": 486.4
        },
        "2024": {
          "brier": 0.18173367567567567,
          "logloss": 0.5367249247821326,
          "acc": 0.7117117117117117,
          "ece": 0.05946846846846853,
          "l1_margins": 0.0257,
          "n": 222,
          "seconds": 648.5
        }
      },
      "brier_weighted": 0.21003,
      "seconds": 1134.9
    },
    "0.015|0.0": {
      "per_season": {
        "2023": {
          "brier": 0.24637693827160498,
          "logloss": 0.7229055041706348,
          "acc": 0.6111111111111112,
          "ece": 0.10486419753086422,
          "l1_margins": 0.1058,
          "n": 162,
          "seconds": 495.2
        },
        "2024": {
          "brier": 0.1820997837837838,
          "logloss": 0.5384707774037812,
          "acc": 0.7252252252252253,
          "ece": 0.05463063063063065,
          "l1_margins": 0.1397,
          "n": 222,
          "seconds": 657.0
        }
      },
      "brier_weighted": 0.20922,
      "seconds": 1152.2
    },
    "0.01|0.0": {
      "per_season": {
        "2023": {
          "brier": 0.24787851851851853,
          "logloss": 0.723075531462531,
          "acc": 0.6296296296296297,
          "ece": 0.11145679012345679,
          "l1_margins": 0.1028,
          "n": 162,
          "seconds": 493.6
        },
        "2024": {
          "brier": 0.1831625945945946,
          "logloss": 0.5394525552089987,
          "acc": 0.7207207207207207,
          "ece": 0.058180180180180126,
          "l1_margins": 0.1398,
          "n": 222,
          "seconds": 658.7
        }
      },
      "brier_weighted": 0.21046,
      "seconds": 1152.3
    },
    "0.015|0.01": {
      "per_season": {
        "2023": {
          "brier": 0.24636195061728394,
          "logloss": 0.7212337377062255,
          "acc": 0.6172839506172839,
          "ece": 0.11018518518518514,
          "l1_margins": 0.0468,
          "n": 162,
          "seconds": 389.4
        },
        "2024": {
          "brier": 0.18154385585585583,
          "logloss": 0.5365135739151231,
          "acc": 0.7207207207207207,
          "ece": 0.05654054054054053,
          "l1_margins": 0.0315,
          "n": 222,
          "seconds": 515.9
        }
      },
      "brier_weighted": 0.20889,
      "seconds": 905.3
    }
  },
  "best": {
    "momentum_bonus": 0.015,
    "global_momentum_factor": 0.01
  },
  "seconds": 1270.9
}